source_doi,source_pdf,page,value,unit,quantity,interface,scale,model_use,limitation
10.1063/5.0006550,JCPSA6-000152-184702_1.pdf,2,few nm to 1 um,thickness,ionic double-layer thickness,water/hydrophobic medium,microdroplet,range for radial PB tests,depends on ionic strength and is not a molecular dipole-layer thickness
10.1063/5.0006550,JCPSA6-000152-184702_1.pdf,3,20,um,example droplet diameter,water/hydrophobic medium,microdroplet,PB comparison size,paper example differs from baseline 100 um diameter
10.1021/acs.jpclett.0c02061,Strong Electric Field Observed at the Interface of Aqueous  Microdroplets.pdf,3,8,MV/cm,local probe field,water/hexadecane,4-20 um diameter,local-field scenario,includes probe and solvent response and is not external vacuum field
10.1038/s41467-021-27941-x,s41467-021-27941-x.pdf,1,16,MV/cm,OH-bond projected surface enhancement,water/air,4-8 nm radius,local bond-field scenario,enhancement relative to interior not absolute long-range field
10.1038/s41467-021-27941-x,s41467-021-27941-x.pdf,3,1.0,V,coarse-grained surface potential,water/air,4 nm radius,effective dipole potential scenario,model-specific potential with strong method dependence
10.1038/s41467-021-27941-x,s41467-021-27941-x.pdf,2,2,solvation layers,interfacial molecular region,water/air,nanodroplet,molecular thickness context,not identical to diffuse ionic double layer
10.1038/s41467-024-47879-0,s41467-024-47879-0.pdf,3,72,mN/m,water surface tension,water/air,4 nm radius,Rayleigh charge reference,temperature and composition dependent
10.1038/s41467-024-47879-0,s41467-024-47879-0.pdf,1,20-50,percent of Rayleigh charge,nanodroplet redox thermodynamic range,water/air,4 nm radius,context for plotting charge fraction,not a direct reaction threshold for 100 um droplets
10.1021/jacs.5c16258,Real-Time Visualization of Interfacial Electric Field Dynamics in Microdroplets .pdf,3,1.8-13.3,MV/m,probe calibration applied field,air/water on glass,microdroplet,static heterogeneity comparison,calibration includes substrate and fluorescence kinetics
10.1039/D5CS00778J,"Electric fields at hydrophobic water interfaces-  spectroscopic evidence, physical origin, and  implications on reactivit.pdf",12,4-60,MV/cm,reported method-dependent interfacial fields,multiple hydrophobic water interfaces,microdroplet/emulsion,scenario range,review combines distinct probes and media
10.1021/jacsau.4c00804,Water-Microdroplet-Driven Interface-Charged Chemistries.pdf,3,13,fold,reported net charge increase with hexadecane/water spray,sprayed water/hexadecane,microdroplet,qualitative net-charge context,not an absolute single-droplet Q measurement
